<?xml version="1.0" encoding="UTF-8"?>
<project-private xmlns="http://www.netbeans.org/ns/project-private/1">
    <editor-bookmarks xmlns="http://www.netbeans.org/ns/editor-bookmarks/2" lastBookmarkId="0"/>
    <open-files xmlns="http://www.netbeans.org/ns/projectui-open-files/2">
        <group>
            <file>file:/C:/xampp/htdocs/PhpProject/application/views/pages/Artists_search_api.php</file>
            <file>file:/C:/xampp/htdocs/PhpProject/application/views/pages/HomePage.php</file>
            <file>file:/C:/xampp/htdocs/PhpProject/application/controllers/shows.php</file>
            <file>file:/C:/xampp/htdocs/PhpProject/application/views/templates/header.php</file>
            <file>file:/C:/xampp/htdocs/PhpProject/application/controllers/login.php</file>
            <file>file:/C:/xampp/htdocs/PhpProject/assets/css/headerstyle.css</file>
            <file>file:/C:/xampp/htdocs/PhpProject/application/models/shows_model.php</file>
            <file>file:/C:/xampp/htdocs/PhpProject/application/views/login/register.php</file>
            <file>file:/C:/xampp/htdocs/PhpProject/application/models/login_model.php</file>
            <file>file:/C:/xampp/htdocs/PhpProject/application/views/pages/Shows.php</file>
            <file>file:/C:/xampp/htdocs/PhpProject/assets/JS/registerValidations.js</file>
        </group>
    </open-files>
</project-private>
